longtitude,latitude
55.793698,37.61441
55.633963,37.425468
55.672905,37.524318
55.845911,37.482151
55.784779,37.562703
55.67423,37.495635
55.741227,37.62325
55.751467,37.598079
55.707522,37.655912
55.84073,37.494404
55.633963,37.425468
55.553809,37.313484
55.644821,37.391215
55.554058,37.313699
55.704215,37.645196
55.69346,37.630598
55.861524,37.5425
55.661902,37.508292
55.646223,37.705832
55.75133,37.526887
55.741673,37.419422
55.742276,37.419027
55.827671,37.487559
55.551385,37.555589
55.810405,37.62634
55.810405,37.62634
55.740725,37.622881
55.751898,37.702077
55.647254,37.386418
55.605861,37.361005
55.78975,37.456468
55.77517,37.674022
55.80357,37.591027
55.786708,37.523249
55.812944,37.452462
55.705671,37.491134
55.655026,37.424399
55.707522,37.655912
55.633963,37.425468
55.633963,37.425468
55.810405,37.62634
55.839522,37.482879
55.596457,37.599822
55.858963,37.37297
55.842565,37.379186
55.772416,37.4743
55.692008,37.530939
55.617297,37.411454
55.712122,37.499067
55.909534,37.388502
55.756401,37.537065
55.724753,37.467302
55.810364,37.702535
55.828051,37.571965
55.75133,37.526887
55.755135,37.526986
55.606731,37.663081
55.533674,37.517725
55.785073,37.69737
55.632093,37.675541
55.521109,37.584694
55.776912,37.487389
55.78116,37.451061
55.653726,37.529834
55.836438,37.499381
55.882409,37.681748
55.633963,37.425468
55.835518,37.49577
55.779155,37.600594
55.790712,37.474444
55.710038,37.60894
55.821178,37.495312
55.824314,37.4963
55.828541,37.491341
55.863545,37.478459
55.682351,37.461301
55.810405,37.62634
55.810405,37.62634
55.633963,37.425468
55.633963,37.425468
55.790777,37.523204
55.704215,37.645196
55.787442,37.498168
55.882409,37.681748
55.750069,37.592285
55.726583,37.572648
54.709304,39.546669
55.726583,37.572648
55.784719,37.496677
55.633963,37.425468
55.762789,37.508984
55.821871,37.593659
55.605332,37.359423
55.712888,37.489446
55.790712,37.474444
55.743461,37.418425
55.755135,37.526986
55.730725,37.670034
55.733097,37.670357
55.845228,37.637919
55.692008,37.530939
55.823393,37.619899
55.784977,37.56194
55.604748,37.664024
55.77517,37.674022
55.633963,37.425468
55.633963,37.425468
55.810405,37.62634
55.882409,37.681748
55.863894,37.620923
55.734973,37.571013
55.793915,37.612317
55.717006,37.428791
55.715642,37.660763
55.664274,37.506684
55.599728,37.724723
55.701262,37.651583
55.774745,37.548609
55.861545,37.671274
55.799588,37.776296
55.583011,37.583122
55.718922,37.727014
55.708486,37.659622
55.672636,37.514724
55.85868,37.486032
55.854628,37.41529
55.596457,37.599822
55.730948,37.64401
55.784516,37.460529
55.798257,37.48199
55.774684,37.674067
55.858963,37.37297
55.579688,37.671085
55.833491,37.357824
55.646223,37.385978
55.881192,37.538736
55.891083,37.568524
55.668224,37.563054
55.606416,37.665686
55.726477,37.757916
55.75133,37.526887
55.706543,37.958537
55.633963,37.425468
55.755135,37.526986
55.633963,37.425468
55.633963,37.425468
55.755348,37.510879
55.96531,37.155901
55.59541,37.724373
55.734973,37.571013
55.762789,37.508984
55.768512,37.498591
55.707634,37.397979
55.699933,37.635377
55.856129,37.556595
55.719876,37.694073
55.730725,37.670034
55.77876,37.500845
55.823823,37.445779
55.811735,37.740722
55.770659,37.375234
55.789461,37.551735
55.625211,37.345491
55.625211,37.345491
55.637581,37.333399
55.633963,37.425468
55.882409,37.681748
55.58582,37.729458
55.891083,37.568524
55.661328,37.509343
55.864303,37.372368
55.707522,37.655912
55.810405,37.62634
55.739017,37.60381
55.88359,37.386328
55.752936,37.524345
55.85961,37.372422
55.645476,37.707215
55.704271,37.666674
55.804476,37.414562
55.711519,37.489158
55.72817,37.738764
55.670214,37.466979
55.777758,37.457987
55.560866,37.57793
55.696128,37.469773
55.699446,37.959956
55.790712,37.474444
55.863545,37.478459
55.682351,37.461301
55.633963,37.425468
55.633963,37.425468
55.78975,37.456468
55.77797,37.830509
55.891083,37.568524
55.730821,37.743247
55.772107,37.644701
55.570395,37.475495
55.80357,37.591027
55.553809,37.313484
55.730912,37.742555
55.861524,37.5425
55.649383,37.3909
55.664274,37.506684
55.792265,37.787111
55.703895,37.962382
55.856295,37.493919
55.523315,37.373455
55.704093,37.493156
55.740451,37.592716
55.625211,37.345491
55.789391,37.536823
55.751568,37.662964
55.876698,37.484056
55.633963,37.425468
55.811735,37.740722
55.554236,37.465838
55.821871,37.593659
55.676544,37.761177
55.827747,37.5842
55.895242,37.399713
55.875925,37.603424
55.810364,37.702535
55.72347,37.433184
55.734973,37.571013
55.848246,37.627696
55.633963,37.425468
55.633963,37.425468
55.74904,37.558059
55.736164,37.619432
55.545452,37.493865
55.869738,37.684793
55.703008,37.966298
55.667122,37.490245
55.704874,37.916927
55.777388,37.582206
55.761558,37.549067
55.704737,37.654349
55.717006,37.428791
55.664274,37.506684
55.793348,37.448581
55.760246,37.573492
55.879263,37.61821
55.761558,37.549067
55.72887,37.739555
55.554791,37.462694
55.891083,37.568524
55.891083,37.568524
55.758412,37.522962
55.808478,37.758797
55.730948,37.64401
55.770304,37.564608
55.554695,37.513916
55.78401,37.470985
55.721772,37.398383
55.777049,37.526843
55.77396,37.586293
55.655209,37.475935
55.7559,37.506675
55.769135,37.494521
55.754618,37.524058
55.821871,37.593659
55.633963,37.425468
55.790712,37.474444
55.810405,37.62634
55.777049,37.526843
55.633963,37.425468
55.627265,37.342427
55.633963,37.425468
55.682031,37.552714
55.613107,37.742977
55.708029,37.956704
55.80826,37.448276
55.664274,37.506684
55.633373,37.417832
55.707958,37.959732
55.865152,37.472081
55.811735,37.740722
55.711108,37.504708
55.704935,37.492105
55.721087,37.694836
55.839522,37.482879
55.879707,37.541889
55.670844,37.775433
55.729382,37.739276
55.78401,37.470985
55.858852,37.564527
55.795474,37.689878
55.880945,37.54118
55.579688,37.671085
55.777388,37.582206
55.699943,37.637183
55.702703,37.963541
55.760717,37.596174
55.781818,37.506639
55.69901,37.958411
55.784303,37.562775
55.652796,37.474192
55.799588,37.776296
55.79769,37.352974
55.559746,37.575639
55.755135,37.526986
55.730725,37.670034
55.733097,37.670357
55.572986,37.475189
55.643144,37.38499
55.774335,37.474668
55.664497,37.451645
55.664497,37.451645
55.810405,37.62634
55.633963,37.425468
55.798439,37.563718
55.681047,37.551088
55.730948,37.64401
55.64285,37.703649
55.821077,37.430462
55.777388,37.582206
55.68631,37.48676
55.756401,37.537065
55.652197,37.473042
55.633963,37.425468
55.726431,37.676825
55.854825,37.497018
55.751619,37.514733
55.781818,37.506639
55.872723,37.481055
55.86798,37.48579
55.808478,37.758797
55.800979,37.531765
56.086856,37.356702
55.96475,37.190819
55.790712,37.474444
55.649667,37.745987
55.734973,37.571013
55.773915,37.645519
55.920487,37.54135
55.861524,37.5425
55.751143,37.533733
55.747115,37.539078
55.707238,37.962013
55.692008,37.530939
55.633963,37.425468
55.777388,37.582206
55.736934,37.516009
55.793915,37.612317
55.821077,37.430462
55.794113,37.35901
55.657057,37.423482
55.633409,37.321524
55.787518,37.474022
55.783018,37.461364
55.704184,37.965634
55.821077,37.430462
55.644704,37.385861
55.613107,37.742977
55.76132,37.512505
55.769535,37.498366
55.711828,37.939412
55.633963,37.425468
55.811735,37.740722
55.718152,37.424713
55.717883,37.426573
55.768512,37.498591
55.891083,37.568524
55.664274,37.506684
55.694449,37.470581
55.719876,37.694073
55.721087,37.694836
55.839522,37.482879
55.808478,37.758797
55.720231,37.693516
55.703834,37.648043
55.762789,37.508984
55.734973,37.571013
55.79977,37.710889
55.751193,37.685934
55.77919,37.574309
55.809348,37.450863
55.716037,37.503998
55.769884,37.578271
55.633963,37.425468
55.701262,37.651583
55.668224,37.563054
55.748858,37.683033
55.762789,37.508984
55.77919,37.574309
55.661328,37.509343
55.821871,37.593659
55.633963,37.425468
55.774684,37.674067
55.730725,37.670034
55.749795,37.526016
55.72817,37.738764
55.661262,37.410142
55.743097,37.863217
55.670844,37.775433
55.694449,37.470581
55.69901,37.958411
55.69901,37.958411
55.554236,37.465838
55.790712,37.474444
55.855361,37.559388
55.79769,37.352974
55.746547,37.628038
55.784977,37.56194
55.591157,37.114624
55.85296,37.619638
55.800979,37.531765
55.750803,37.698609
55.673549,37.567743
55.891083,37.568524
55.631015,37.327866
55.690882,37.478109
55.549791,37.509721
55.835483,37.658338
55.798905,37.484244
55.708516,37.482861
55.891083,37.568524
55.836681,37.456406
55.674575,37.760225
55.705153,37.760917
55.714404,37.505517
55.635691,37.724912
55.786597,37.617563
55.702931,37.766594
55.877996,37.4796
55.877996,37.4796
55.633963,37.425468
55.795444,37.526896
55.633963,37.425468
55.633963,37.425468
55.719876,37.694073
55.560866,37.57793
55.708029,37.956704
55.797609,37.353477
55.550229,37.498213
55.808478,37.758797
55.861524,37.5425
55.707136,37.96328
55.862181,37.560457
55.633963,37.425468
55.891083,37.568524
55.798196,37.376357
55.553707,37.313169
55.780026,37.572028
55.770856,37.517985
55.773105,37.463628
55.721087,37.694836
55.733097,37.670357
55.722142,37.618569
55.775692,37.464266
55.879495,37.539877
55.811735,37.740722
55.776684,37.642887
55.868167,37.483301
55.808478,37.758797
55.582925,37.580032
55.711519,37.489158
55.868395,37.462514
55.756376,37.508975
55.779859,37.539527
55.854436,37.496129
55.879707,37.541889
55.810364,37.702535
55.730725,37.670034
55.633963,37.425468
55.633963,37.425468
55.661328,37.509343
55.643144,37.38499
55.920487,37.54135
55.745549,37.511832
55.755135,37.526986
55.810405,37.62634
55.773829,37.673573
55.633963,37.425468
55.710377,37.646031
55.553707,37.313169
55.819469,37.710503
55.879707,37.541889
55.799588,37.776296
55.749511,37.537083
55.591157,37.114624
55.751351,37.516593
55.762151,37.550091
55.704093,37.493156
55.751898,37.702077
55.872723,37.481055
55.781626,37.580894
55.707613,37.956363
55.606482,37.660063
55.81044,37.726978
55.891083,37.568524
55.891083,37.568524
55.791,37.711617
55.723257,37.52766
55.605821,37.357851
55.604753,37.358426
55.747115,37.539078
55.815236,37.351887
55.744992,37.510152
55.755814,37.617635
55.861524,37.5425
55.802998,37.591503
55.564394,37.581227
55.810405,37.62634
55.755135,37.526986
55.633963,37.425468
55.751351,37.516593
55.879707,37.541889
55.665594,37.547594
55.663618,37.514778
55.747115,37.539078
55.891083,37.568524
55.645131,37.487892
55.644821,37.391215
55.633963,37.425468
55.730887,37.751987
55.823393,37.619899
55.781818,37.506639
55.704362,37.960504
55.754877,37.810728
55.730725,37.670034
55.968,37.150583
55.891083,37.568524
55.660318,37.468488
55.782187,37.832144
55.668823,37.450351
55.837181,37.497315
55.821871,37.593659
55.811735,37.740722
55.730689,37.74392
55.557948,37.557268
55.700613,37.633634
55.720231,37.693516
55.721087,37.694836
55.673549,37.567743
55.646223,37.705832
55.69901,37.958411
55.699943,37.637183
55.790712,37.474444
55.631015,37.327866
55.633963,37.425468
55.633963,37.425468
55.777758,37.457987
55.631015,37.327866
55.729017,37.737318
55.631015,37.327866
55.604753,37.358426
55.621526,37.585574
55.810364,37.702535
55.920487,37.54135
55.717006,37.428791
55.853632,37.430013
55.605536,37.656955
55.554236,37.465838
55.791289,37.598959
55.554791,37.462694
55.723257,37.52766
55.704443,37.871697
55.633963,37.425468
55.703261,37.947838
55.781818,37.506639
55.672575,37.466772
55.751351,37.516593
55.821371,37.587946
55.904412,37.635646
55.664096,37.536517
55.633826,37.415514
55.877996,37.4796
55.669732,37.471911
55.874839,37.634533
55.746106,37.70267
55.802998,37.591503
55.736143,37.676286
55.542268,37.584874
55.891083,37.568524
55.790712,37.474444
55.80357,37.591027
55.633963,37.425468
55.633963,37.425468
55.891083,37.568524
55.891083,37.568524
55.968,37.150583
55.751351,37.516593
55.882409,37.681748
55.710945,37.643821
55.679433,37.469638
55.696128,37.469773
55.809085,37.448482
55.861524,37.5425
55.646223,37.705832
55.69901,37.958411
55.781818,37.506639
55.837181,37.497315
55.856295,37.493919
55.793186,37.526968
55.706183,37.615434
55.717006,37.428791
55.790777,37.523204
55.864864,37.5039
55.71515,37.480022
55.770806,37.564212
55.747323,37.396371
55.88923,37.56079
55.755135,37.526986
55.770897,37.37809
55.697239,37.961268
55.704093,37.493156
55.633963,37.425468
55.633963,37.425468
55.789391,37.536823
55.716793,37.769684
55.786004,37.473348
55.708607,37.954971
55.721503,37.615767
55.754978,37.510628
55.837181,37.497315
55.69346,37.630598
55.72127,37.694253
55.891083,37.568524
55.811735,37.740722
55.564791,37.582826
55.724271,37.44691
55.790777,37.523204
55.738449,37.581236
55.670844,37.775433
55.891083,37.568524
55.733097,37.670357
55.732342,37.672181
55.774745,37.548609
55.756376,37.508975
55.781818,37.506639
55.672757,37.494126
55.810405,37.62634
55.662776,37.515371
55.682351,37.461301
55.729417,37.743148
55.797609,37.353477
55.799588,37.776296
55.579688,37.671085
55.763457,37.771337
55.644074,37.326725
55.837181,37.497315
55.920487,37.54135
55.744992,37.510152
55.707522,37.655912
55.717006,37.428791
55.738637,37.490227
55.682204,37.484927
55.633963,37.425468
55.821871,37.593659
55.633963,37.425468
55.790712,37.474444
55.877996,37.4796
55.847705,37.370581
55.784977,37.56194
55.633963,37.425468
55.770806,37.564212
55.944697,37.346209
55.966474,37.155695
55.642103,37.3288
55.809596,37.647855
55.723775,37.583095
55.579688,37.671085
55.891083,37.568524
55.891083,37.568524
55.732778,37.619719
55.861524,37.5425
55.970977,37.175008
55.742433,37.429869
55.855361,37.559388
55.894939,37.396335
55.705011,37.964735
55.653939,37.633931
55.715256,37.43932
55.757318,37.50787
55.70073,37.631586
55.706457,37.64277
55.652999,37.47174
55.760915,37.550208
55.769104,37.591701
55.721503,37.615767
55.723212,37.620285
55.72127,37.694253
55.680859,37.530112
55.76132,37.512505
55.84119,37.376941
55.69798,37.958294
55.74904,37.558059
55.633963,37.425468
55.633963,37.425468
55.670844,37.775433
55.665157,37.56653
55.746547,37.628038
55.772482,37.49683
55.821871,37.593659
55.730725,37.670034
55.834568,37.659622
55.758271,37.594495
55.735505,37.635593
55.747115,37.539078
55.645476,37.707215
55.69901,37.958411
55.790712,37.474444
55.891083,37.568524
55.891083,37.568524
55.864303,37.372368
55.693591,37.532439
55.762373,37.507717
55.810405,37.62634
55.920487,37.54135
55.781626,37.580894
55.633963,37.425468
55.623702,37.754062
55.607036,37.664482
55.845911,37.482151
55.880945,37.54118
55.702561,37.938433
55.751619,37.514733
55.823328,37.505939
55.74596,37.407277
55.724109,37.644549
55.877996,37.4796
55.711108,37.504708
55.807461,37.448465
55.738363,37.520707
55.785169,37.564033
55.600893,37.724077
55.793348,37.448581
55.760246,37.573492
55.879263,37.61821
55.633963,37.425468
55.772684,37.616387
55.707522,37.655912
55.709414,37.624058
55.784719,37.496677
55.774026,37.467221
55.659231,37.560835
55.723861,37.610053
55.861524,37.5425
55.60521,37.66574
55.664284,37.517464
55.633963,37.425468
55.784977,37.56194
55.891083,37.568524
55.757318,37.50787
55.777707,37.492078
55.646223,37.385978
55.732778,37.619719
55.809095,37.64516
55.711828,37.939412
55.729417,37.743148
55.792503,37.787776
55.809095,37.64516
55.633963,37.425468
55.754983,37.525217
55.730725,37.670034
55.799588,37.776296
55.875082,37.589051
55.879707,37.541889
55.711108,37.504708
55.756401,37.537065
55.72887,37.739555
55.682031,37.552714
55.633963,37.425468
55.853708,37.609937
55.791243,37.559379
55.880945,37.54118
55.879707,37.541889
55.733097,37.670357
55.719876,37.694073
55.781818,37.506639
55.891083,37.568524
55.781818,37.506639
55.781818,37.506639
55.707238,37.962013
55.702906,37.511508
55.811735,37.740722
55.80653,37.545995
55.7559,37.506675
55.891083,37.568524
55.736939,37.625954
55.79769,37.352974
55.920487,37.54135
55.744992,37.510152
55.878889,37.538637
55.774745,37.548609
55.731262,37.666036
55.683919,37.582745
55.60521,37.66574
55.804046,37.590659
55.827671,37.487559
55.763457,37.771337
55.74751,37.534954
55.878167,37.538242
55.633963,37.425468
55.667386,37.519863
55.799866,37.716055
55.767291,37.705032
55.737,37.584901
55.860746,37.372431
55.877996,37.4796
55.887473,37.661527
55.751193,37.685934
55.84724,37.630966
55.704093,37.493156
55.762996,37.512667
55.81648,37.702158
55.627265,37.342427
55.633963,37.425468
55.633963,37.425468
55.721087,37.694836
55.625272,37.342454
55.626594,37.343919
55.627265,37.342427
55.747115,37.539078
55.633963,37.425468
55.795444,37.526896
55.737,37.584901
55.603746,37.655751
55.831999,37.661096
55.863894,37.620923
55.790712,37.474444
55.596457,37.599822
55.69835,37.937427
55.847861,37.650055
55.861524,37.5425
55.776664,37.588817
55.699061,37.636428
55.715256,37.43932
55.797918,37.766163
55.762789,37.508984
55.770659,37.375234
55.668224,37.563054
55.676412,37.484487
55.525853,37.590003
55.920487,37.54135
55.730725,37.670034
55.751193,37.685934
55.537964,37.515919
55.633963,37.425468
55.699943,37.637183
55.781818,37.506639
55.69901,37.958411
55.670844,37.775433
55.730674,37.670833
55.751193,37.685934
55.821871,37.593659
55.649383,37.3909
55.684584,37.491296
55.633963,37.425468
55.732342,37.672181
55.78975,37.456468
55.790712,37.474444
55.79769,37.352974
55.729833,37.731021
55.603746,37.655751
55.672905,37.524318
55.737,37.584901
55.965546,37.191187
55.836191,37.491512
55.665624,37.507295
55.769094,37.470851
55.716793,37.769684
55.525486,37.586967
55.673621,37.745466
55.757318,37.50787
55.72997,37.716971
55.717006,37.428791
55.750803,37.698609
55.784617,37.462784
55.698665,37.649265
55.798905,37.484244
55.682453,37.552373
55.733863,37.640372
55.72961,37.570474
55.850368,37.578181
55.645126,37.390712
55.613107,37.742977
55.665792,37.510718
55.664274,37.506684
55.768512,37.498591
55.769884,37.578271
55.676412,37.484487
55.79769,37.352974
55.572986,37.475189
55.755135,37.526986
55.780026,37.572028
55.77919,37.574309
55.716037,37.503998
55.734973,37.571013
55.723257,37.52766
55.792053,37.484074
55.731176,37.669279
55.751898,37.702077
55.694292,37.665713
55.735378,37.826494
55.750803,37.698609
55.694292,37.665713
55.633963,37.425468
55.718152,37.424713
55.679519,37.558939
55.696128,37.469773
55.784303,37.562775
55.718922,37.727014
55.671072,37.575361
55.598858,37.725271
55.762789,37.508984
55.848559,37.419045
55.704823,37.497495
55.730725,37.670034
55.799588,37.776296
55.684584,37.491296
55.73552,37.642474
55.646223,37.385978
55.785367,37.479825
55.633963,37.425468
55.633963,37.425468
55.943971,37.347117
55.561741,37.577858
55.792503,37.787776
55.791663,37.787785
55.701262,37.651583
55.932344,37.542931
55.810364,37.702535
55.787832,37.732494
55.798191,37.377354
55.810405,37.62634
55.633963,37.425468
55.633963,37.425468
55.810364,37.702535
55.693206,37.470383
55.89293,37.591548
55.716037,37.503998
55.863363,37.541296
55.799588,37.776296
55.572986,37.475189
55.696128,37.469773
55.790246,37.632655
55.69901,37.958411
55.707978,37.930429
55.754618,37.524058
55.761538,37.554214
55.75133,37.526887
55.706528,37.518506
55.718709,37.424902
55.665162,37.613952
55.756376,37.508975
55.670844,37.775433
55.752637,37.548204
55.700613,37.633634
54.709304,39.546669
55.752637,37.548204
55.781818,37.506639
55.872723,37.481055
55.86798,37.48579
55.633963,37.425468
55.706528,37.518506
55.789391,37.536823
55.878167,37.538242
55.864303,37.372368
55.669239,37.448249
55.751143,37.533733
55.834568,37.659622
55.725133,37.775263
55.855558,37.558598
55.642047,37.472279
55.711108,37.504708
55.878682,37.624723
55.704509,37.512838
55.554791,37.462694
55.703185,37.931713
55.667762,37.761923
55.81648,37.702158
55.712122,37.499067
55.757556,37.651592
55.714186,37.477031
55.719313,37.478019
55.752409,37.64039
55.757318,37.50787
55.839572,37.493183
55.696128,37.469773
55.683793,37.928704
55.790712,37.474444
55.920487,37.54135
55.861524,37.5425
55.633963,37.425468
55.696128,37.469773
55.583072,37.582179
55.855199,37.560502
55.702886,37.928362
55.642199,37.60452
55.866788,37.468901
55.645476,37.707215
55.831949,37.459415
55.744992,37.510152
55.715814,37.534316
55.646223,37.385978
55.699106,37.634721
55.700613,37.633634
55.633963,37.425468
55.754618,37.524058
55.723856,37.625298
55.83749,37.753254
55.633963,37.425468
55.69346,37.630598
55.839881,37.486769
55.709414,37.624058
55.717883,37.426573
55.718816,37.426186
55.791243,37.559379
55.723121,37.432403
55.647254,37.386418
55.912804,37.57157
55.795034,37.691728
55.710961,37.609227
55.790049,37.475522
55.733553,37.852904
55.704215,37.645196
55.806687,37.542949
55.633963,37.425468
55.613107,37.742977
55.711828,37.939412
55.696128,37.469773
55.633963,37.425468
55.670844,37.775433
55.712122,37.499067
55.71765,37.89526
55.814588,37.70514
55.895242,37.399713
55.781818,37.506639
55.647254,37.386418
55.737816,37.864789
55.765529,37.569108
55.798439,37.563718
55.631015,37.327866
55.855361,37.559388
55.827671,37.487559
55.656346,37.424327
55.714191,37.670914
55.57007,37.587883
55.723121,37.432403
55.723607,37.824032
55.724829,37.623151
55.704509,37.512838
55.703185,37.491548
55.64285,37.703649
55.968,37.150583
55.715814,37.534316
55.633963,37.425468
55.664274,37.506684
55.768512,37.498591
55.719876,37.694073
55.583072,37.582179
55.799937,37.505903
55.761386,37.776817
55.715814,37.534316
55.524681,37.596121
55.704509,37.512838
55.633963,37.425468
55.821871,37.593659
55.548706,37.311112
55.811735,37.740722
55.590384,37.601672
55.66342,37.517859
54.709304,39.546669
56.320268,37.49621
55.766238,37.490506
55.599728,37.724723
55.781818,37.506639
55.703834,37.648043
55.760692,37.68217
55.790712,37.474444
55.772416,37.4743
55.710945,37.643821
55.763432,37.562389
55.789391,37.536823
55.769135,37.494521
55.749511,37.537083
55.572986,37.475189
55.703895,37.962382
55.75133,37.526887
55.932344,37.542931
55.714622,37.476133
55.572986,37.475189
55.57236,37.475603
55.572986,37.475189
55.572986,37.475189
55.721087,37.694836
55.633963,37.425468
55.762789,37.508984
55.734973,37.571013
55.57236,37.475603
55.572986,37.475189
55.572986,37.475189
55.572986,37.475189
55.762333,37.616054
55.570395,37.475495
55.57236,37.475603
55.77957,37.700154
55.605861,37.361005
55.605821,37.357851
55.645979,37.384379
55.627265,37.342427
55.951336,37.1818
55.881434,37.648843
55.795686,37.565865
55.707978,37.930429
55.751193,37.685934
55.77919,37.574309
55.809348,37.450863
55.716037,37.503998
55.795444,37.526896
55.622766,37.706353
55.78975,37.456468
55.683407,37.555355
55.7559,37.506675
55.582925,37.580032
55.627265,37.342427
55.755474,37.507753
55.707978,37.930429
55.722644,37.646022
54.709304,39.546669
55.493762,37.299605
55.785169,37.564033
55.703611,37.516467
55.749511,37.537083
55.722685,37.64471
55.848892,37.650325
55.808478,37.758797
55.878889,37.538637
55.799967,37.375674
55.605495,37.655688
55.64285,37.703649
55.798439,37.563718
55.838152,37.539814
55.793348,37.448581
55.723121,37.432403
55.631015,37.327866
55.631015,37.327866
55.80742,37.450162
55.588649,37.604448
55.784303,37.562775
55.781626,37.580894
55.627265,37.342427
55.891083,37.568524
55.769884,37.578271
55.821871,37.593659
55.633963,37.425468
55.730725,37.670034
55.682031,37.552714
55.637525,37.590389
55.811735,37.740722
55.881192,37.538736
55.881192,37.538736
55.633963,37.425468
55.809348,37.450863
55.661328,37.509343
55.965546,37.191187
55.751143,37.533733
55.96475,37.190819
55.807461,37.448465
55.754978,37.510628
55.677656,37.497036
55.773044,37.46494
55.749511,37.537083
55.719262,37.427884
55.78975,37.456468
55.706543,37.958537
55.790712,37.474444
55.807982,37.450845
55.784977,37.56194
55.752379,37.700137
55.774254,37.546525
55.542268,37.584874
55.810364,37.702535
55.75133,37.526887
55.670844,37.775433
55.645476,37.707215
55.790712,37.474444
55.822412,37.432043
55.821077,37.430462
55.561741,37.577858
55.822412,37.432043
55.72817,37.738764
55.69901,37.958411
55.69901,37.958411
55.790712,37.474444
55.747115,37.539078
55.80742,37.450162
55.754983,37.525217
55.633963,37.425468
55.790469,37.475342
55.751143,37.533733
55.755135,37.526986
55.78975,37.456468
55.855785,37.471704
55.821077,37.430462
55.55114,37.508176
55.711899,37.792959
55.659195,37.746472
55.878889,37.538637
55.644821,37.391215
55.800423,37.710063
55.647254,37.386418
55.844223,37.481442
55.643632,37.393164
55.862681,37.37244
55.769135,37.494521
55.712954,37.577948
55.719318,37.445779
55.763984,37.507681
55.798439,37.563718
55.673621,37.745466
55.696128,37.469773
55.702637,37.94305
55.748858,37.683033
55.59898,37.731119
55.70215,37.96487
55.821871,37.593659
55.700613,37.633634
55.703621,37.6835
55.749511,37.537083
55.598858,37.725271
55.625211,37.345491
55.870925,37.682736
55.999173,37.219709
55.793075,37.397979
55.762789,37.508984
55.79769,37.352974
55.673549,37.567743
55.633963,37.425468
55.789406,37.569539
55.754618,37.524058
55.702977,37.962498
55.706092,37.362559
55.761771,37.549184
55.885544,37.524552
55.49695,37.331207
55.707522,37.655912
55.879495,37.539877
55.966474,37.155695
55.758114,37.546974
55.790712,37.474444
55.643632,37.393164
55.760915,37.550208
55.773829,37.472027
55.756842,37.408139
55.723917,37.782018
55.784617,37.462784
55.861524,37.5425
55.751974,37.578855
55.78119,37.468856
55.773829,37.673573
55.717006,37.428791
55.715814,37.534316
55.647254,37.386418
55.762789,37.508984
55.725133,37.775263
55.751979,37.697846
55.653726,37.529834
55.714191,37.670914
55.49695,37.331207
55.664517,37.575953
55.835483,37.658338
55.708516,37.482861
55.633963,37.425468
55.877996,37.4796
55.821871,37.593659
55.798439,37.563718
55.796046,37.562308
55.790712,37.474444
55.968,37.150583
55.79847,37.389382
55.709414,37.624058
55.719313,37.478019
55.722644,37.646022
55.647204,37.618641
55.647254,37.386418
55.757131,37.617114
55.790939,37.475495
55.75549,37.509262
55.714876,37.504636
55.861524,37.5425
55.716037,37.503998
55.781626,37.580894
55.663913,37.576178
55.873294,37.644441
55.630609,37.514715
55.75133,37.526887
55.762789,37.508984
55.877996,37.4796
55.633963,37.425468
55.797609,37.353477
55.861524,37.5425
55.790712,37.474444
55.821871,37.593659
55.798439,37.563718
55.739727,37.618507
55.702597,37.489661
55.749582,37.599561
55.738637,37.490227
55.73442,37.583948
55.704935,37.492105
55.646223,37.705832
55.627727,37.342984
55.807461,37.448465
55.755778,37.510619
55.633963,37.425468
55.930509,37.543524
55.715074,37.660889
55.546389,37.589949
55.965546,37.191187
55.709414,37.624058
55.70636,37.899347
55.641275,37.527094
55.862181,37.560457
55.633963,37.425468
55.633963,37.425468
55.633963,37.425468
55.861524,37.5425
55.49695,37.331207
55.702886,37.928362
55.773829,37.673573
55.553707,37.313169
55.69835,37.937427
55.698832,37.958968
55.711108,37.504708
55.882409,37.681748
55.812752,37.647549
55.760991,37.513628
55.781626,37.580894
55.78975,37.456468
55.769195,37.476842
55.774527,37.592195
55.752409,37.64039
55.661526,37.560934
55.777049,37.526843
55.809348,37.450863
55.599728,37.724723
55.689811,37.657224
55.835483,37.658338
55.805649,37.499318
55.643632,37.393164
55.837181,37.497315
55.877996,37.4796
55.861524,37.5425
55.877996,37.4796
55.642332,37.618174
55.721772,37.398383
55.836474,37.655248
55.707329,37.669827
55.633963,37.425468
55.773105,37.463628
55.721087,37.694836
55.733097,37.670357
55.791177,37.520411
55.797969,37.39099
55.777049,37.526843
55.80998,37.52165
55.911386,37.489158
55.768512,37.498591
55.49417,37.502058
55.79769,37.352974
55.78975,37.456468
55.584202,37.57952
55.797609,37.353477
55.797609,37.353477
55.664517,37.575953
55.79769,37.352974
55.702399,37.873826
55.794113,37.35901
55.797609,37.353477
55.702399,37.873826
55.69901,37.958411
55.702399,37.873826
55.633963,37.425468
55.775692,37.464266
55.879495,37.539877
55.868395,37.462514
55.797609,37.353477
55.797609,37.353477
55.702399,37.873826
55.79769,37.352974
55.79769,37.352974
55.794113,37.35901
55.69901,37.958411
55.797609,37.353477
55.702399,37.873826
55.702399,37.873826
55.794113,37.35901
55.69901,37.958411
55.711828,37.939412
55.702399,37.873826
55.719876,37.694073
55.756376,37.508975
55.633963,37.425468
55.779859,37.539527
55.702399,37.873826
55.803413,37.527121
55.777049,37.526843
55.616026,37.600244
55.69901,37.958411
55.702399,37.873826
55.702399,37.873826
55.69901,37.958411
55.69901,37.958411
55.69901,37.958411
55.920487,37.54135
55.745549,37.511832
55.755135,37.526986
55.810405,37.62634
55.702399,37.873826
55.69901,37.958411
55.69901,37.958411
55.69901,37.958411
55.702399,37.873826
55.703895,37.962382
55.799517,37.379151
55.553707,37.313169
55.829193,37.524309
55.739818,37.50001
55.809095,37.64516
55.650754,37.368362
55.809095,37.64516
55.711138,37.653972
55.790939,37.475495
55.642047,37.472279
55.721087,37.694836
55.71946,37.694405
55.798439,37.563718
55.869915,37.461472
55.770649,37.673034
55.647254,37.386418
55.785169,37.564033
55.633963,37.425468
55.785169,37.564033
55.872723,37.481055
55.867359,37.486697
55.659231,37.560835
55.787133,37.601618
,
55.861545,37.671274
55.777049,37.526843
55.810405,37.62634
55.773829,37.673573
55.633963,37.425468
55.819469,37.710503
55.721087,37.694836
55.71946,37.694405
55.722644,37.646022
55.825917,37.598178
55.880945,37.54118
55.881192,37.538736
55.881192,37.538736
55.751979,37.697846
55.717883,37.426573
55.725133,37.775263
55.757318,37.50787
55.777049,37.526843
55.716793,37.769684
55.78975,37.456468
55.811735,37.740722
55.718709,37.424902
55.664274,37.506684
55.821871,37.593659
55.848559,37.419045
55.743512,37.422099
55.633963,37.425468
55.80653,37.545995
55.749511,37.537083
55.702886,37.928362
55.707978,37.930429
55.693622,37.469189
55.808154,37.75868
55.557765,37.555023
55.718152,37.424713
55.781818,37.506639
55.806793,37.516153
55.890224,37.395284
55.652197,37.473042
55.701262,37.651583
55.633963,37.425468
55.872723,37.481055
55.781626,37.580894
55.781818,37.506639
55.762789,37.508984
55.738216,37.614545
55.774867,37.601609
55.989285,37.265442
55.720231,37.693516
55.71946,37.694405
55.681707,37.693848
55.707978,37.930429
55.711828,37.939412
55.596457,37.599822
55.707978,37.930429
55.700613,37.633634
55.702729,37.509703
55.751193,37.685934
55.768512,37.498591
55.666122,37.50858
55.662405,37.516952
55.774745,37.548609
55.725458,37.678056
55.775667,37.732925
55.694449,37.470581
55.633963,37.425468
55.86996,37.493632
55.726918,37.528307
55.748858,37.683033
55.754578,37.694953
55.748858,37.683033
55.790939,37.475495
55.699533,37.93669
55.749795,37.647953
55.636839,37.333238
55.625211,37.345491
55.924482,37.542554
55.626594,37.343919
55.632093,37.675541
55.701749,37.650154
55.903509,37.465191
55.633963,37.425468
55.723257,37.52766
55.920487,37.54135
55.744992,37.510152
55.844354,37.642581
55.627727,37.342984
55.877996,37.4796
55.877996,37.4796
55.821871,37.593659
55.792265,37.787111
55.743512,37.422099
55.76919,37.472674
55.798439,37.563718
55.710377,37.646031
55.626594,37.343919
55.751351,37.516593
55.702054,37.93466
55.699898,37.93298
55.762789,37.508984
55.780846,37.449147
55.64889,37.746535
55.686289,37.482511
55.72559,37.574651
55.57579,37.673834
55.719009,37.414993
55.718922,37.727014
55.774811,37.678559
55.670844,37.775433
55.764445,37.798736
55.673621,37.745466
55.707978,37.930429
55.797609,37.353477
55.793571,37.580202
55.897841,37.398662
55.879495,37.539877
55.696418,37.570393
55.858549,37.657583
55.755135,37.526986
55.601203,37.727553
55.577541,37.675792
55.966474,37.155695
55.804025,37.5971
55.861524,37.5425
55.796526,37.486859
55.745549,37.511832
55.792108,37.540748
55.74076,37.581047
55.762181,37.547531
55.727389,37.336822
55.712122,37.499067
55.781539,37.572082
55.861524,37.5425
55.802998,37.591503
55.633963,37.425468
55.564394,37.581227
55.781539,37.572082
55.784977,37.56194
54.709304,39.546669
55.734973,37.626106
55.683919,37.582745
55.749511,37.537083
55.714414,37.657907
55.785169,37.564033
55.723121,37.432403
55.769135,37.494521
55.821704,37.519952
55.751143,37.533733
55.62849,37.341287
55.64285,37.703649
55.725133,37.775263
55.774335,37.474668
55.704935,37.492105
55.702307,37.515093
55.79977,37.710889
55.775905,37.600531
55.732818,37.617842
55.625211,37.345491
55.784303,37.562775
55.790712,37.474444
55.793121,37.577948
55.633963,37.425468
55.633963,37.425468
55.781818,37.506639
55.732818,37.617842
55.775905,37.600531
55.878167,37.538242
55.803671,37.744927
55.747115,37.539078
56.250462,38.116515
55.785169,37.564033
55.555184,37.554008
55.663294,37.47033
55.868258,37.483867
55.810364,37.702535
55.877738,37.580714
55.588415,37.601798
55.670844,37.775433
55.681707,37.693848
55.702729,37.509703
55.862681,37.37244
55.689238,37.487901
55.834568,37.659622
55.743461,37.418425
55.754877,37.810728
55.730725,37.670034
55.633963,37.425468
55.821871,37.593659
55.732818,37.617842
55.774745,37.548609
55.735657,37.432537
55.542681,37.485116
55.700375,37.956076
55.698665,37.649265
55.655295,37.423375
55.555072,37.557412
55.779692,37.668704
55.749511,37.537083
55.770806,37.564212
55.598858,37.725271
55.722563,37.612668
55.524681,37.596121
55.799588,37.776296
55.834568,37.659622
55.610819,37.593884
55.606512,37.658338
55.747003,37.40698
55.770375,37.489859
55.701623,37.940256
55.78975,37.456468
55.792503,37.787776
55.751979,37.697846
55.76132,37.512505
55.745797,37.513107
55.812752,37.647549
55.599728,37.724723
55.604692,37.661105
55.693622,37.469189
55.747115,37.539078
55.781818,37.506639
55.635223,37.330552
55.745412,37.407618
55.646899,37.479699
55.715642,37.660763
55.810364,37.702535
55.772416,37.4743
55.721772,37.398383
55.799173,37.378207
55.727693,37.535359
55.74596,37.407277
55.633963,37.425468
55.700613,37.633634
55.720231,37.693516
55.721087,37.694836
55.645116,37.659218
55.793429,37.6115
55.602642,37.523824
55.740502,37.639249
55.738363,37.857899
55.78401,37.470985
55.49695,37.331207
55.811735,37.740722
55.703748,37.499695
55.550687,37.509361
55.655869,37.427381
55.557765,37.555023
55.770806,37.564212
55.799588,37.776296
55.770973,37.712695
55.645979,37.384379
55.802998,37.591503
55.557765,37.555023
55.721731,37.572899
55.710961,37.609227
55.880945,37.54118
55.871536,37.395572
55.920487,37.54135
55.749076,37.700568
55.682605,37.694235
55.789391,37.536823
55.644704,37.385861
55.799937,37.505903
55.682849,37.681568
55.758271,37.594495
55.626594,37.343919
55.806687,37.542949
55.846765,37.510601
55.718831,37.477624
55.538152,36.351199
55.778861,37.608643
55.646223,37.385978
55.80653,37.545995
55.682605,37.694235
55.804116,37.601888
55.726776,37.52271
55.678961,37.500621
55.719014,37.478801
55.673549,37.567743
55.646223,37.705832
55.69901,37.958411
55.790712,37.474444
55.726776,37.52271
55.73442,37.583948
55.739017,37.60381
55.710961,37.609227
55.714039,37.524624
55.711661,37.498564
55.723257,37.52766
55.784977,37.56194
56.015601,38.080025
55.713065,37.501007
55.723257,37.52766
55.795853,37.485538
55.703611,37.516467
55.774487,37.595447
55.799168,37.559263
55.667762,37.761923
55.78116,37.451061
55.846765,37.510601
55.755925,37.649454
55.696128,37.469773
55.689461,37.656631
55.605861,37.361005
55.73889,37.666629
55.673351,37.510682
55.752855,37.520527
55.665919,37.469593
55.802462,37.591934
55.633963,37.425468
55.877996,37.4796
55.723607,37.824032
55.809095,37.64516
55.887978,37.537155
55.665909,37.464508
55.872723,37.481055
55.707238,37.962013
55.673621,37.745466
55.702637,37.94305
55.803413,37.527121
55.805923,37.483077
55.717006,37.428791
55.644704,37.385861
55.621526,37.585574
55.920487,37.54135
55.633963,37.425468
55.699812,37.958357
55.868258,37.483867
55.872723,37.481055
55.665909,37.464508
55.559746,37.575639
55.558972,37.579466
55.86798,37.48579
55.605866,37.664743
55.704027,37.940858
55.702931,37.766594
55.554791,37.462694
55.817405,37.573034
55.69832,37.962579
55.696128,37.469773
55.807461,37.448465
55.699314,37.511239
55.901839,37.639913
55.901147,37.640605
55.809348,37.450863
55.86012,37.481478
55.682798,37.579295
55.710809,37.610404
55.853708,37.609937
55.769388,37.580795
55.978765,37.165693
55.751224,37.586302
55.846305,37.371416
55.665264,37.471866
55.553809,37.313484
55.690314,37.552957
55.55387,37.314427
55.718152,37.424713
55.812752,37.647549
55.554058,37.313699
55.80357,37.591027
55.879909,37.596911
55.881192,37.538736
55.633963,37.425468
55.781818,37.506639
55.877996,37.4796
55.669732,37.471911
55.605861,37.361005
55.627727,37.342984
55.847649,37.630167
55.646223,37.705832
55.693206,37.470383
55.699943,37.637183
55.598858,37.725271
55.872723,37.481055
55.585347,37.12579
55.555377,37.466476
55.819752,37.701394
55.704007,37.508984
55.645476,37.707215
55.853708,37.609937
55.799117,37.506406
55.633963,37.425468
55.930357,37.545078
55.6901,37.489724
55.888331,37.655634
55.799588,37.776296
55.508962,37.344458
55.783453,37.50761
55.717883,37.426573
55.592729,37.456468
55.698832,37.958968
55.753686,37.513143
55.728104,37.568111
55.710651,37.599435
55.653482,37.424228
55.837181,37.497315
55.604753,37.358426
55.603385,37.371605
55.688507,37.518309
55.751974,37.578855
55.835483,37.658338
55.802998,37.591503
55.633963,37.425468
55.882409,37.681748
55.696128,37.469773
55.651074,37.515632
55.604753,37.358426
55.605861,37.361005
55.872723,37.481055
55.603385,37.371605
55.705488,37.493308
55.718248,37.477175
55.744992,37.510152
55.772107,37.644701
55.868258,37.483867
55.672108,37.492464
55.802998,37.591503
55.743147,37.683769
55.717634,37.422755
55.797306,37.803236
55.76955,37.37659
55.672245,37.543749
55.861489,37.678245
55.967693,37.677014
55.681047,37.551088
55.85961,37.372422
55.638567,37.330794
55.679311,37.44727
55.689563,37.56194
55.661328,37.509343
55.779757,37.535233
55.785169,37.564033
55.702703,37.963541
55.749511,37.537083
55.757344,37.542222
55.582925,37.580032
55.759304,37.738854
55.822412,37.432043
55.717006,37.428791
55.699106,37.634721
55.850368,37.578181
55.761771,37.549184
55.702886,37.928362
55.861524,37.5425
55.802462,37.591934
55.845911,37.482151
55.861524,37.5425
55.69901,37.958411
55.781818,37.506639
55.633963,37.425468
55.837181,37.497315
55.679433,37.469638
55.696534,37.507124
55.705488,37.493308
55.702886,37.928362
55.721772,37.398383
55.715256,37.43932
55.84401,37.642348
55.653939,37.633931
55.654797,37.624453
55.781818,37.506639
55.811735,37.740722
55.661328,37.509343
55.672148,37.516422
55.711108,37.504708
55.753225,37.706973
55.877996,37.4796
55.877996,37.4796
55.757318,37.50787
55.633963,37.425468
55.598858,37.725271
55.709196,37.469997
55.880263,37.54162
55.704509,37.512838
55.630146,37.514572
55.604702,37.655679
55.603873,37.651035
55.710839,37.605068
55.631519,37.516368
55.789264,37.790471
55.875051,37.599929
55.749511,37.537083
55.725245,37.677238
55.789391,37.536823
55.790352,37.553271
55.833562,37.661608
55.703008,37.966298
55.863894,37.620923
55.744992,37.510152
55.652197,37.473042
55.840791,37.379043
55.747703,37.688297
55.772482,37.49683
55.633963,37.425468
55.633963,37.425468
55.754978,37.510628
55.810364,37.702535
55.664472,37.576232
55.62635,37.310932
55.698665,37.649265
55.649383,37.3909
55.822412,37.432043
55.769884,37.578271
55.664274,37.506684
55.665792,37.510718
55.751193,37.685934
55.642108,37.356217
55.690187,37.657781
55.874839,37.634533
55.582925,37.580032
55.681047,37.551088
55.78975,37.456468
55.584202,37.57952
55.598858,37.725271
55.968,37.150583
55.761771,37.549184
55.702637,37.94305
55.718152,37.424713
55.554236,37.465838
55.554791,37.462694
55.601203,37.727553
55.625211,37.345491
55.797969,37.39099
55.806418,37.633976
54.709304,39.546669
55.897841,37.398662
55.599728,37.724723
55.866723,37.553927
55.703008,37.966298
55.72127,37.694253
55.895525,37.390128
55.968025,37.187971
55.785169,37.564033
55.85718,37.627687
55.667731,37.774014
55.753225,37.706973
55.749511,37.537083
55.882409,37.681748
55.72127,37.694253
55.633963,37.425468
55.733097,37.670357
55.732342,37.672181
55.790777,37.523204
55.882409,37.681748
55.646223,37.705832
55.882409,37.681748
55.835483,37.658338
55.576793,37.673403
55.770806,37.564212
55.603446,37.662506
55.62849,37.341287
55.831999,37.661096
55.881192,37.538736
55.744992,37.510152
55.659571,37.560071
55.807982,37.450845
55.717006,37.428791
55.715074,37.660889
55.717006,37.428791
55.682849,37.681568
55.64285,37.703649
55.769094,37.470851
55.692364,37.964987
55.55057,37.560996
55.813885,37.807925
55.679225,37.499067
55.645126,37.390712
55.966912,37.187046
55.673849,37.759237
55.706543,37.958537
55.710093,37.658877
55.858923,37.563063
55.739189,37.68906
55.757805,37.447548
55.80996,37.644243
55.709292,37.764734
55.862681,37.37244
55.748022,37.687111
55.906456,37.55019
55.810405,37.62634
55.664284,37.517464
55.557765,37.555023
55.641122,37.470635
55.847295,37.637569
55.682453,37.552373
55.709302,37.483373
55.650455,37.388008
55.774745,37.548609
55.756376,37.508975
55.633963,37.425468
55.781818,37.506639
55.604748,37.664024
55.569596,37.589796
55.786313,37.542428
55.630146,37.514572
55.749511,37.537083
55.747115,37.539078
55.74938,37.534092
55.748143,37.540488
55.706761,37.956049
,
55.682849,37.681568
55.716022,37.64648
55.755464,37.547342
55.950685,37.17941
55.716022,37.64648
55.735657,37.432537
55.711828,37.939412
55.717006,37.428791
55.606416,37.665686
55.784303,37.562775
55.775236,37.618372
55.684726,37.58544
55.72127,37.694253
55.64192,37.523456
55.7559,37.506675
55.668224,37.563054
55.707978,37.930429
55.750803,37.698609
55.714835,37.775272
55.755135,37.526986
55.805923,37.483077
55.810405,37.62634
55.729417,37.743148
55.797609,37.353477
55.644074,37.326725
55.805923,37.483077
55.78197,37.670115
55.77079,37.595492
55.582925,37.580032
55.74221,37.633643
55.742286,37.634883
55.821077,37.430462
55.605866,37.664743
55.862681,37.37244
55.723257,37.52766
55.884706,37.390909
55.769352,37.641593
55.71697,37.500818
55.673128,37.513098
55.755135,37.526986
55.725255,37.761168
55.657057,37.423482
55.633963,37.425468
55.968,37.150583
55.715936,37.407133
55.596457,37.599822
55.807886,37.647846
55.794426,37.566225
55.770659,37.375234
55.707522,37.655912
55.834472,37.65805
55.711828,37.939412
55.716037,37.503998
55.780213,37.471623
55.766977,37.485646
55.752936,37.524345
55.751771,37.50822
55.858963,37.37297
55.633536,37.760845
55.711417,37.759668
55.70251,37.935522
55.698224,37.511257
55.699943,37.637183
55.735459,37.655787
55.705062,37.495518
55.736184,37.499866
55.667731,37.512119
55.723257,37.52766
55.845815,37.369053
55.788515,37.567482
55.739544,37.415047
55.920487,37.54135
55.744992,37.510152
55.707522,37.655912
55.633963,37.425468
55.774335,37.474668
55.528034,37.595815
55.792503,37.787776
55.76132,37.512505
55.69624,37.488035
55.758443,37.549238
55.798905,37.484244
55.741673,37.419422
55.716037,37.503998
55.716037,37.503998
55.716504,37.506316
55.718872,37.499893
55.645476,37.707215
55.785037,37.464221
55.676585,37.634092
55.723257,37.52766
55.771206,37.658212
55.631015,37.327866
55.631015,37.327866
55.770811,37.591189
55.773829,37.472027
55.746547,37.628038
55.681047,37.551088
55.747211,37.627301
55.762713,37.542913
55.726583,37.572648
55.726462,37.572459
55.772482,37.49683
55.726583,37.572648
55.789391,37.536823
55.844354,37.642581
55.683919,37.582745
55.781626,37.580894
55.723121,37.432403
55.73553,37.826296
55.802462,37.591934
55.681047,37.551088
55.633963,37.425468
55.877996,37.4796
55.633963,37.425468
55.630609,37.514715
55.681047,37.551088
55.752379,37.700137
55.847861,37.635206
55.876551,37.577741
55.755135,37.526986
55.751979,37.697846
55.834568,37.659622
55.778932,37.613593
55.754618,37.524058
55.685117,37.490775
55.868607,37.472171
55.810405,37.62634
55.805923,37.483077
55.751898,37.702077
55.711108,37.504708
55.704509,37.512838
55.604605,37.658751
55.653726,37.529834
55.717847,37.512191
55.812752,37.647549
55.707522,37.655912
55.672691,37.542222
55.812752,37.647549
55.599728,37.724723
55.722553,37.411616
55.753686,37.513143
55.878682,37.624723
55.749805,37.494584
55.809186,37.759246
55.808478,37.758797
55.723121,37.432403
55.861524,37.5425
55.855361,37.559388
55.633963,37.425468
55.633963,37.425468
55.805923,37.483077
55.780426,37.607466
55.735378,37.826494
55.869117,37.473959
55.583011,37.583122
55.702693,37.499013
55.812752,37.647549
55.772775,37.730625
55.810405,37.62634
55.785367,37.479825
55.743512,37.422099
55.755135,37.526986
55.72746,37.479977
55.789466,37.567186
55.808478,37.758797
55.809348,37.450863
55.82002,37.462954
55.704509,37.512838
55.709196,37.469997
55.835503,37.495725
55.733442,37.427094
55.736265,37.493632
55.822412,37.432043
55.869511,37.473554
55.866723,37.553927
55.630273,37.617114
55.76132,37.512505
55.842605,37.522764
55.8699,37.687407
55.431335,36.865826
55.550152,37.461858
55.861545,37.671274
55.65271,37.528567
55.554236,37.465838
55.849691,37.620905
55.790671,37.550136
55.685949,37.846068
55.670844,37.775433
55.797341,37.522279
55.7559,37.506675
55.749511,37.537083
55.68363,37.925398
55.584512,37.604502
55.718872,37.499893
55.729017,37.737318
55.784516,37.460529
55.633963,37.425468
55.72127,37.694253
55.821871,37.593659
55.856129,37.556595
55.673199,37.454932
55.697239,37.961268
55.70878,37.957737
55.755135,37.526986
55.751143,37.533733
55.812752,37.647549
55.951336,37.1818
55.659231,37.560835
55.726583,37.572648
55.631056,37.40018
55.555377,37.466476
55.804046,37.590659
55.810405,37.62634
55.554791,37.462694
55.651816,37.423815
55.774087,37.47819
55.877996,37.4796
55.877996,37.4796
55.746547,37.628038
55.604264,37.733132
55.839572,37.493183
55.807617,37.780949
55.720809,37.453908
55.840912,37.495231
55.83707,37.354258
55.781818,37.506639
55.71408,37.395401
55.770811,37.591189
55.711519,37.489158
55.750803,37.698609
55.872723,37.481055
54.709304,39.546669
55.776294,37.672163
55.661328,37.509343
55.79393,37.526564
55.737593,37.573779
55.600989,37.520869
55.702886,37.928362
55.644531,37.747972
55.81649,37.794828
55.764445,37.798736
55.633963,37.425468
55.730725,37.670034
55.645476,37.707215
55.69901,37.958411
55.604264,37.733132
55.781545,37.580337
55.877996,37.4796
55.668823,37.450351
55.877996,37.4796
55.877996,37.4796
55.741135,37.825999
55.774254,37.546525
55.810364,37.702535
55.747703,37.688297
55.663527,37.48685
55.794426,37.566225
55.72347,37.433184
55.77155,37.568893
55.755135,37.526986
55.769909,37.484217
55.781539,37.572082
55.751143,37.533733
55.654797,37.624453
55.781818,37.506639
55.774517,37.473006
55.598858,37.725271
55.79977,37.710889
55.671031,37.473393
55.698533,37.935513
55.759973,37.608077
55.879707,37.541889
55.837262,37.744603
55.714876,37.504636
55.676412,37.484487
55.672793,37.512874
55.723506,37.610287
55.71946,37.694405
55.785731,37.496291
55.811735,37.740722
55.78975,37.456468
55.743512,37.422099
55.920381,37.553217
55.698756,37.963271
55.79769,37.352974
55.790712,37.474444
55.810405,37.62634
55.920487,37.54135
55.633963,37.425468
55.769135,37.494521
55.645786,37.634272
55.749511,37.537083
55.761355,37.614294
55.673128,37.513098
55.750028,37.534397
55.747115,37.539078
55.553707,37.313169
55.837262,37.744603
55.540536,37.484568
55.877996,37.4796
55.877996,37.4796
55.877996,37.4796
55.880945,37.54118
55.647254,37.386418
55.542396,37.531523
55.754618,37.524058
55.55387,37.314427
55.770806,37.564212
55.700375,37.956076
55.80445,37.413224
55.707152,37.51379
55.80998,37.52165
55.724353,37.74101
55.700136,37.633356
55.683615,37.697963
55.808488,37.526941
55.659231,37.560835
55.846765,37.510601
55.633963,37.425468
55.633963,37.425468
55.823328,37.505939
55.877996,37.4796
55.877996,37.4796
55.877996,37.4796
55.754618,37.524058
55.774548,37.641566
55.606416,37.665686
55.901142,37.392814
55.598858,37.725271
55.799588,37.776296
55.626594,37.343919
55.627265,37.342427
55.751143,37.533733
55.749511,37.537083
55.717006,37.428791
55.215667,37.067417
55.731176,37.669279
55.678707,37.634631
55.76919,37.472674
55.723121,37.432403
55.761755,37.405426
55.643144,37.38499
55.665792,37.510718
55.909125,37.489886
55.717006,37.428791
55.856129,37.556595
55.781838,37.469925
55.557286,37.559083
55.683793,37.928704
55.879909,37.596911
55.749795,37.526016
55.655209,37.475935
55.711828,37.939412
55.825527,37.557071
55.837181,37.497315
55.728469,37.61291
55.691785,37.72882
55.721087,37.694836
55.736513,37.41264
55.676412,37.484487
55.776912,37.487389
55.633963,37.425468
55.772684,37.616387
55.776912,37.487389
55.632093,37.675541
55.774867,37.601609
55.814588,37.70514
55.649362,37.497773
55.792265,37.787111
55.670671,37.750837
55.785073,37.69737
55.869117,37.473959
55.753225,37.706973
55.850095,37.683104
55.880945,37.54118
55.751193,37.685934
55.723861,37.610053
55.78114,37.637219
55.706969,37.378073
55.869511,37.473554
55.705463,37.766145
55.96603,37.187755
55.780846,37.449147
55.75896,37.739294
55.770304,37.564608
55.804116,37.601888
55.861524,37.5425
55.774745,37.548609
55.708917,37.734371
55.810531,37.653658
55.823823,37.445779
55.743147,37.683769
55.723257,37.52766
55.878889,37.538637
55.784344,37.587614
55.69834,37.498025
55.713065,37.501007
55.801005,37.561706
55.69901,37.958411
55.863545,37.478459
55.834472,37.65805
55.760322,37.738674
55.811735,37.740722
55.634237,37.332169
55.645476,37.707215
55.781818,37.506639
55.631015,37.327866
55.709414,37.624058
55.723861,37.610053
55.861524,37.5425
55.631015,37.327866
55.603385,37.371605
55.603385,37.371605
55.605861,37.361005
55.781818,37.506639
55.784303,37.562775
55.785169,37.564033
55.723121,37.432403
55.692008,37.530939
55.584202,37.57952
55.770507,37.623968
55.77396,37.586293
55.761558,37.549067
55.780891,37.580984
55.781509,37.570465
55.780983,37.570294
55.779565,37.638171
55.673818,37.565174
55.618806,37.612659
55.80357,37.591027
55.585866,37.696912
55.633963,37.425468
54.709304,39.546669
55.749511,37.537083
55.790777,37.523204
55.717006,37.428791
55.855785,37.471704
55.804046,37.590659
55.811735,37.740722
55.81996,37.58146
55.592632,37.448321
55.778952,37.639006
55.81084,37.727688
55.969406,37.156269
55.58381,37.580616
55.790939,37.475495
55.774811,37.678559
55.633963,37.425468
55.633963,37.425468
55.711828,37.939412
55.834568,37.659622
55.730887,37.751987
55.883096,37.705544
55.793915,37.612317
55.605861,37.361005
55.604753,37.358426
55.861524,37.5425
55.755814,37.617635
55.653482,37.424228
55.881732,37.716692
55.646899,37.479699
55.862681,37.37244
55.78975,37.456468
55.9563,37.670097
55.676412,37.484487
55.653726,37.529834
55.792265,37.787111
55.630609,37.514715
55.743512,37.422099
55.69901,37.958411
55.790777,37.523204
55.786313,37.542428
55.702886,37.928362
55.770811,37.591189
55.73701,37.435178
55.631015,37.327866
55.631015,37.327866
55.879495,37.539877
55.604605,37.658751
55.714191,37.670914
55.741439,37.622297
55.760915,37.550208
55.665792,37.510718
55.669945,37.54277
55.737157,37.430723
55.749511,37.537083
55.707978,37.930429
55.633963,37.425468
55.730725,37.670034
55.633963,37.425468
55.682351,37.461301
55.604692,37.661105
55.879495,37.539877
55.626594,37.343919
55.774684,37.674067
55.775459,37.673519
55.893314,37.385609
55.751143,37.533733
55.781438,37.569962
55.780891,37.580984
55.798935,37.377471
55.626594,37.343919
55.627265,37.342427
55.809348,37.450863
55.664274,37.506684
55.585601,37.683805
55.752936,37.524345
55.682031,37.552714
55.717634,37.422755
55.878682,37.624723
55.857862,37.644899
55.650836,37.597387
55.554791,37.462694
55.554791,37.462694
55.599728,37.724723
55.600893,37.724077
55.50365,37.59957
55.733097,37.670357
55.719876,37.694073
55.781818,37.506639
55.781818,37.506639
55.607519,37.655769
55.734456,37.412415
55.806504,37.449866
55.734973,37.626106
55.702551,37.933303
55.632093,37.675541
55.627265,37.342427
55.785169,37.564033
55.877996,37.4796
55.633963,37.425468
55.709414,37.624058
55.721087,37.694836
55.755814,37.617635
55.86155,37.549812
55.78975,37.456468
55.772482,37.49683
56.00467,37.204689
55.862181,37.560457
55.843879,37.554061
55.777667,37.827356
55.779757,37.535233
55.75133,37.526887
55.795444,37.526896
55.736077,37.626196
55.676412,37.484487
55.784516,37.460529
55.736995,37.690489
55.698665,37.649265
55.69346,37.630598
55.779676,37.45681
55.683833,37.376114
55.637073,37.329869
55.705011,37.964735
55.834568,37.659622
55.627265,37.342427
55.554791,37.462694
55.554791,37.462694
55.711138,37.653972
55.625272,37.342454
55.834472,37.65805
55.781818,37.506639
55.702906,37.511508
55.79769,37.352974
55.920487,37.54135
55.627265,37.342427
55.633963,37.425468
55.779221,37.575908
55.877996,37.4796
55.835503,37.495725
55.809095,37.64516
55.78975,37.456468
55.875051,37.599929
55.631966,37.414751
55.755814,37.617635
55.655026,37.424399
55.696418,37.570393
55.770558,37.630355
55.879495,37.539877
55.726462,37.572459
55.683793,37.928704
55.738591,37.625118
55.723257,37.52766
55.759719,37.738459
55.790777,37.523204
55.721087,37.694836
55.720601,37.693534
55.72127,37.694253
55.757318,37.50787
55.659739,37.517428
55.698533,37.935513
55.753686,37.513143
55.652796,37.474192
55.679722,37.496183
55.667127,37.463457
55.81651,37.751332
55.645476,37.707215
55.754978,37.510628
55.568059,37.491494
55.71518,37.796104
55.711138,37.653972
55.795535,37.493111
55.874839,37.634533
55.702886,37.928362
55.764323,37.616351
55.720231,37.693516
55.744992,37.510152
55.633963,37.425468
55.683919,37.582745
55.720601,37.693534
55.721087,37.694836
55.542202,37.51264
55.85961,37.372422
55.78975,37.456468
55.734973,37.571013
55.751193,37.685934
55.719876,37.694073
55.71946,37.694405
55.69346,37.630598
55.803413,37.527121
55.627265,37.342427
55.827247,37.497342
55.870779,37.44135
55.717006,37.428791
55.588323,37.4576
55.895525,37.390128
55.756786,37.418362
55.755814,37.617635
55.808265,37.648968
55.809095,37.64516
55.845911,37.482151
55.748782,37.422988
55.554791,37.462694
55.600893,37.724077
55.706543,37.958537
55.767291,37.705032
55.643632,37.393164
55.780846,37.449147
55.837181,37.497315
55.730948,37.64401
55.787811,37.640668
55.849691,37.620905
55.724951,37.741737
55.661328,37.509343
55.699872,37.644261
55.889341,37.559586
55.704027,37.940858
55.554791,37.462694
55.670844,37.775433
55.794421,37.772262
55.618928,37.411113
55.6983,37.474201
55.633963,37.425468
55.860746,37.372431
55.877996,37.4796
55.751193,37.685934
55.699933,37.635377
55.762789,37.508984
55.710377,37.646031
55.861524,37.5425
55.706969,37.378073
55.820738,37.718229
55.770375,37.489859
55.763457,37.771337
55.734973,37.571013
55.768512,37.498591
55.719876,37.694073
55.71946,37.694405
55.790049,37.475522
55.645979,37.384379
55.681047,37.551088
55.725133,37.775263
55.627265,37.342427
55.625272,37.342454
55.834472,37.65805
55.784303,37.562775
55.835397,37.358929
55.710945,37.643821
55.728515,37.737587
55.710377,37.646031
55.700613,37.633634
55.855361,37.559388
55.69346,37.630598
55.762789,37.508984
55.733295,37.620941
55.790939,37.475495
55.57236,37.475603
55.755814,37.617635
55.750727,37.562272
55.775773,37.692716
55.72127,37.694253
55.720231,37.693516
55.696534,37.499408
55.854436,37.496129
55.740522,37.661958
55.944621,37.349291
55.627265,37.342427
55.633963,37.425468
55.790712,37.474444
55.861524,37.5425
55.775545,37.672118
55.769884,37.578271
55.684975,37.49206
55.68803,37.460924
55.758139,37.695735
55.702977,37.962498
55.774745,37.548609
55.78119,37.468856
55.608384,37.593318
55.680686,37.696292
55.613107,37.742977
55.665792,37.510718
55.664274,37.506684
55.676412,37.484487
55.734973,37.571013
55.72961,37.570474
55.77919,37.574309
55.751193,37.685934
55.780026,37.572028
55.750829,37.522836
55.716037,37.503998
55.768512,37.498591
55.861524,37.5425
55.755814,37.617635
55.703773,37.640066
55.679417,37.546111
55.630441,37.515281
55.790469,37.672594
55.694292,37.665713
55.804724,37.399605
55.855785,37.471704
55.89555,37.574804
55.702054,37.93466
55.633963,37.425468
55.665969,37.51432
55.858963,37.37297
55.774548,37.641566
55.835953,37.357124
56.003457,37.208066
55.753635,37.704817
55.664497,37.451645
55.861524,37.5425
55.633963,37.425468
55.770659,37.375234
55.633963,37.425468
55.718922,37.727014
55.753225,37.706973
55.668726,37.532628
55.794259,37.614976
55.69834,37.498025
55.775545,37.672118
55.650836,37.597387
55.735657,37.432537
55.783301,37.641351
55.810531,37.653658
55.828162,37.487874
55.706092,37.362559
55.474393,37.509784
55.670097,37.550217
55.775307,37.527238
55.702886,37.928362
55.725169,37.676134
55.769135,37.494521
55.74634,37.407106
55.642332,37.618174
55.854062,37.497198
55.604605,37.658751
55.726553,37.739249
55.840791,37.379043
55.737355,37.425782
55.669529,37.467527
55.694449,37.470581
55.770897,37.37809
55.847861,37.635206
55.757318,37.50787
55.697351,37.845044
55.729062,37.659892
55.789391,37.536823
55.645476,37.707215
55.757364,37.952383
55.681047,37.551088
55.689811,37.657224
55.751143,37.533733
55.754618,37.524058
55.809934,37.727885
55.821077,37.430462
55.74824,37.692995
55.669772,37.772011
55.653908,37.400153
55.706152,37.964214
55.774684,37.674067
55.793116,37.816944
55.637393,37.600388
55.665162,37.613952
55.633963,37.425468
55.668224,37.563054
55.920487,37.54135
55.633963,37.425468
55.798257,37.48199
55.775545,37.672118
55.75133,37.526887
55.700375,37.956076
55.710945,37.643821
55.729417,37.743148
55.909125,37.489886
55.879495,37.539877
55.71946,37.694405
55.798439,37.563718
55.813207,37.721552
55.49417,37.502058
55.625211,37.345491
55.821871,37.593659
55.681047,37.551088
55.702054,37.93466
55.77155,37.568893
55.751143,37.533733
55.62849,37.341287
55.784435,37.694675
55.832682,37.468793
55.643144,37.38499
55.58381,37.580616
55.790777,37.523204
55.789598,37.475737
56.131546,37.067282
55.814264,37.735117
55.669254,37.521758
55.808781,37.564841
55.747703,37.688297
55.768107,37.495815
55.682453,37.552373
55.698939,37.934929
55.67856,37.761411
55.704935,37.492105
55.57007,37.587883
55.771206,37.658212
55.755778,37.510619
55.704509,37.512838
55.785275,37.493793
55.646899,37.479699
55.862681,37.37244
55.569164,37.588377
55.793348,37.448581
55.683315,37.581963
55.811735,37.740722
55.966912,37.150646
55.798257,37.48199
55.76919,37.472674
55.753635,37.704817
55.730725,37.670034
55.633963,37.425468
55.670844,37.775433
55.821871,37.593659
55.705559,37.964897
55.751867,37.416871
55.855361,37.559388
55.812752,37.647549
55.88461,37.388421
55.557948,37.557268
55.560718,37.6251
55.678494,37.633032
55.854825,37.497018
55.691131,37.970242
55.723607,37.824032
55.806687,37.542949
55.682031,37.552714
55.606899,37.659101
55.774472,37.622145
55.841261,37.494422
55.722644,37.646022
55.654899,37.423033
55.809348,37.450863
55.720378,37.688
55.646223,37.705832
55.720231,37.693516
55.720601,37.693534
55.72127,37.694253
55.811735,37.740722
55.697934,37.512532
55.717224,37.405049
55.878804,37.729988
55.689811,37.657224
55.774745,37.548609
55.775049,37.469692
55.855785,37.471704
55.69834,37.498025
55.698553,37.8449
55.576574,37.675828
55.712244,37.488341
55.730289,37.464796
55.770806,37.564212
55.774745,37.548609
55.816374,37.592375
55.704509,37.512838
55.712888,37.489446
55.661328,37.509343
55.78119,37.468856
55.756376,37.508975
55.774219,37.468775
55.774948,37.67298
55.632093,37.675541
55.633963,37.425468
55.732342,37.672181
55.790712,37.474444
55.79769,37.352974
55.735581,37.420123
55.743512,37.422099
55.785508,37.736949
55.756401,37.537065
55.797787,37.497153
55.837181,37.497315
55.790671,37.550136
55.84073,37.494404
55.886044,37.67846
55.644227,37.38878
55.774745,37.548609
55.723633,37.430786
55.772416,37.4743
55.711108,37.504708
55.735657,37.432537
55.774254,37.546525
55.853668,37.612641
55.701719,37.512236
55.796931,37.614374
55.644704,37.385861
55.730431,37.745385
55.557948,37.557268
55.633963,37.425468
55.715074,37.660889
55.67994,37.494916
55.633963,37.425468
55.704093,37.493156
55.789598,37.475737
55.836833,37.356881
55.774745,37.548609
55.756376,37.508975
55.966474,37.155695
55.76919,37.472674
55.693206,37.470383
55.672494,37.49515
55.749511,37.537083
55.703155,37.960882
55.707136,37.96328
55.706152,37.964214
55.711833,37.973584
55.706969,37.378073
55.694804,37.967026
55.719343,37.7812
55.966645,37.189292
55.769135,37.494521
55.672905,37.524318
55.633963,37.425468
55.718709,37.424902
55.842565,37.379186
55.792503,37.787776
55.791653,37.786429
55.558641,37.559308
55.633963,37.425468
55.715074,37.660889
55.717006,37.428791
55.72127,37.694253
55.720231,37.693516
55.751143,37.533733
55.720601,37.693534
55.719876,37.694073
55.82485,37.530427
55.791152,37.815866
55.631015,37.327866
55.802993,37.543174
55.704509,37.512838
55.760494,37.518551
55.769094,37.577157
55.810364,37.702535
55.730431,37.745385
55.730426,37.574067
55.749603,37.597872
55.669239,37.448249
55.619137,37.662434
55.722553,37.411616
55.729706,37.414715
55.821871,37.593659
55.789031,37.473483
55.663517,37.516476
55.798439,37.563718
55.81996,37.58146
55.653655,37.625774
55.669772,37.772011
55.682351,37.461301
55.775545,37.672118
55.756376,37.508975
55.701521,37.6448
55.79848,37.520671
55.643144,37.38499
55.594056,37.598115
55.665624,37.507295
55.633963,37.425468
55.633963,37.425468
55.750803,37.698609
55.860746,37.372431
55.763432,37.562389
55.677895,37.535763
55.665594,37.547594
55.69624,37.488035
55.701521,37.6448
55.724789,37.744738
55.739129,37.414364
55.770775,37.376626
55.557765,37.555023
55.722685,37.64471
55.664274,37.506684
55.711108,37.504708
55.736579,37.600846
55.746203,37.636437
55.755814,37.617635
55.725255,37.761168
55.769135,37.494521
55.881192,37.538736
55.690882,37.478109
55.650551,37.489014
55.72997,37.716971
55.8892,37.590973
55.695296,37.575648
55.776294,37.672163
55.800155,37.71786
55.731642,37.741243
55.781838,37.469925
55.75549,37.509262
55.716037,37.503998
55.734973,37.571013
55.835953,37.357124
55.765235,37.636751
55.781626,37.580894
55.71946,37.694405
55.741738,37.416691
55.807238,37.718974
55.785037,37.464221
55.856295,37.493919
55.8892,37.590973
55.774745,37.548609
55.839522,37.482879
55.705062,37.495518
55.724814,37.762516
55.810364,37.702535
55.704935,37.492105
55.776897,37.63076
55.663481,37.478414
55.784617,37.462784
55.682453,37.552373
55.733863,37.640372
55.72961,37.570474
55.670844,37.775433
55.879495,37.539877
55.800423,37.710063
55.878889,37.538637
55.669986,37.773134
55.671123,37.502902
55.749511,37.537083
55.705062,37.495518
55.707522,37.655912
55.689563,37.56194
55.694287,37.528621
55.798439,37.563718
55.785731,37.496291
55.751143,37.533733
55.681047,37.551088
55.705011,37.964735
55.49695,37.331207
55.734973,37.571013
55.674605,37.568497
55.683615,37.697963
55.858963,37.37297
55.755814,37.617635
55.704098,37.615884
55.654645,37.602319
55.730487,37.463493
55.704215,37.645196
55.848246,37.627696
55.84824,37.63014
55.730912,37.742555
55.810364,37.702535
55.871056,37.531379
55.696128,37.469773
55.704737,37.654349
55.847649,37.630167
55.863171,37.534712
55.532589,37.614365
55.659231,37.560835
55.822412,37.432043
55.717006,37.428791
55.700456,37.510718
55.856129,37.556595
55.633963,37.425468
55.850368,37.578181
55.613107,37.742977
55.703611,37.516467
55.944621,37.349291
55.711828,37.939412
55.924482,37.542554
55.670133,37.475773
55.633963,37.425468
55.768512,37.498591
55.769535,37.498366
55.664274,37.506684
55.762789,37.508984
55.84768,37.356028
55.540949,37.486544
55.714876,37.504636
55.778861,37.608643
55.716037,37.503998
55.856129,37.556595
55.751345,37.536544
55.653726,37.529834
55.795444,37.526896
55.863171,37.534712
55.792301,37.812498
55.880945,37.54118
55.802998,37.591503
55.785037,37.464221
55.77876,37.500845
55.732114,37.427417
55.701521,37.6448
55.823393,37.619899
55.78975,37.456468
55.760494,37.518551
55.740735,37.648088
55.810364,37.702535
55.830387,37.470779
55.637393,37.600388
55.853264,37.509523
55.798439,37.563718
55.673621,37.745466
55.755312,37.545626
55.665792,37.510718
55.664274,37.506684
55.768512,37.498591
55.769884,37.578271
55.633963,37.425468
55.755814,37.617635
55.755814,37.617635
55.721574,37.770466
55.759932,37.561275
55.880945,37.54118
55.682453,37.552373
55.708029,37.956704
55.596457,37.599822
55.855361,37.559388
55.682351,37.461301
55.821871,37.593659
55.716793,37.769684
55.75472,37.509864
55.572309,37.569009
55.810364,37.702535
55.78975,37.456468
55.762789,37.508984
55.699314,37.511239
55.656346,37.424327
55.683513,37.694863
55.769135,37.494521
55.781818,37.506639
55.823823,37.445779
55.725478,37.743345
55.866596,37.555508
55.74562,37.633967
55.646223,37.705832
55.760915,37.550208
55.646223,37.705832
55.645476,37.707215
55.64285,37.703649
55.736265,37.666108
55.793176,37.400998
55.693764,37.578918
55.664497,37.451645
55.664497,37.451645
55.828693,37.470294
55.75166,37.817169
55.809934,37.727885
55.676412,37.484487
55.751193,37.685934
55.780026,37.572028
55.77919,37.574309
55.601203,37.727553
55.702399,37.873826
55.711828,37.939412
55.744992,37.510152
55.830301,37.501546
55.731647,37.417571
55.704935,37.492105
55.694449,37.470581
55.693622,37.469189
55.544046,37.478055
55.880945,37.54118
55.688157,37.851467
55.797306,37.803236
55.72347,37.433184
55.862131,37.419898
55.744135,37.845268
55.881778,37.483499
55.911285,37.381585
55.683793,37.928704
55.785169,37.564033
55.542839,37.584937
55.702703,37.963541
55.699943,37.637183
55.854825,37.497018
55.683919,37.582745
55.596457,37.599822
55.774598,37.54595
55.644206,37.490551
55.700207,37.509316
55.722456,37.438781
55.827671,37.487559
55.76132,37.512505
55.701516,37.873817
55.713065,37.501007
55.834568,37.659622
55.80445,37.413224
55.711108,37.504708
55.677585,37.499103
55.774254,37.546525
55.743512,37.422099
55.868496,37.493955
55.716037,37.503998
55.734973,37.571013
55.723257,37.52766
55.792053,37.484074
55.77393,37.470392
55.782572,37.531936
55.774745,37.548609
55.883096,37.705544
55.797341,37.522279
55.704479,37.614141
55.713065,37.501007
55.733442,37.427094
55.88359,37.386328
55.76132,37.512505
55.715601,37.526268
55.827671,37.487559
55.722142,37.618569
55.739808,37.501285
55.828162,37.487874
55.735829,37.439086
55.699061,37.636428
55.728647,37.339984
55.679225,37.499067
55.714191,37.670914
55.681859,37.696669
55.802325,37.568632
55.718831,37.477624
55.724271,37.44691
55.720798,37.444099
55.748392,37.819999
55.712122,37.499067
55.74563,37.394611
55.679417,37.546111
55.685949,37.846068
55.724697,37.528118
55.770208,37.638036
55.704473,37.514922
55.671478,37.475064
55.747323,37.396371
55.664096,37.536517
55.714937,37.506343
55.679433,37.469638
55.741673,37.419422
55.773829,37.472027
55.737851,37.496965
55.731176,37.669279
55.633963,37.425468
55.724271,37.44691
55.798257,37.48199
55.672636,37.514724
55.722142,37.618569
55.775753,37.671938
55.837181,37.497315
55.723257,37.52766
55.823393,37.619899
55.690263,37.553864
55.714191,37.670914
55.709683,37.624337
55.863111,37.473788
55.861545,37.671274
55.878167,37.538242
55.565865,37.471021
55.767149,37.568066
55.761538,37.554214
55.722563,37.612668
55.719313,37.478019
55.652796,37.474192
55.711661,37.498564
55.799937,37.505903
55.715074,37.660889
55.641524,37.590021
55.715525,37.477103
55.721027,37.463898
55.784238,37.636617
55.757318,37.50787
55.736949,37.494198
55.652903,37.473033
55.661328,37.509343
55.633963,37.425468
55.828162,37.487874
55.780795,37.580571
55.684584,37.491296
55.782572,37.531936
55.822979,37.526726
55.692008,37.530939
55.704823,37.497495
55.730725,37.670034
55.799588,37.776296
55.633963,37.425468
55.792503,37.787776
55.809348,37.450863
55.722142,37.618569
55.717847,37.512191
55.791177,37.520411
55.709429,37.955402
55.806687,37.542949
55.779859,37.599372
55.694449,37.470581
55.683919,37.582745
55.64285,37.703649
55.764065,37.569782
55.664274,37.506684
55.672691,37.542222
55.761538,37.554214
55.71515,37.480022
55.770603,37.68111
55.827671,37.487559
55.714876,37.504636
55.692008,37.530939
55.792265,37.787111
55.71337,37.974347
55.717518,37.659748
55.613107,37.742977
55.776806,37.639887
55.750479,37.539527
55.769352,37.641593
55.713065,37.501007
55.751867,37.416871
55.726071,37.577903
55.664096,37.536517
55.762789,37.508984
55.689563,37.56194
55.723257,37.52766
55.806504,37.449866
55.716037,37.503998
55.542202,37.51264
55.668224,37.563054
55.511022,37.350351
55.652197,37.473042
55.670844,37.775433
55.633963,37.425468
55.633963,37.425468
55.561741,37.577858
55.769352,37.641593
55.724697,37.528118
55.741784,37.596633
55.750028,37.534397
55.722142,37.618569
55.721027,37.463898
55.890704,37.672612
55.807182,37.543515
55.779859,37.599372
55.84073,37.494404
55.651816,37.423815
55.751979,37.697846
55.664274,37.506684
55.72926,37.421713
55.863171,37.534712
55.655214,37.573465
55.715074,37.660889
55.733802,37.438906
55.774867,37.601609
55.716037,37.503998
55.723121,37.432403
55.749511,37.537083
55.775049,37.469692
55.723257,37.52766
55.719313,37.478019
55.661328,37.509343
55.71515,37.480022
55.691242,37.970871
55.583352,37.580544
55.80653,37.545995
55.747115,37.539078
55.726071,37.577903
55.726583,37.572648
55.798586,37.802949
55.671493,37.599516
55.714404,37.505517
55.719313,37.478019
55.863363,37.541296
55.669239,37.448249
55.645476,37.707215
55.756842,37.408139
55.7415,37.601331
55.79848,37.520671
55.751903,37.664069
55.721772,37.398383
55.749334,37.579178
55.723257,37.52766
55.667061,37.507699
55.700502,37.9252
55.613107,37.742977
55.798905,37.484244
55.664274,37.506684
55.762789,37.508984
55.768512,37.498591
55.755814,37.617635
55.743684,37.548851
55.740928,37.622118
55.759344,37.650334
55.735495,37.584146
55.788576,37.678685
55.72746,37.479977
55.554791,37.462694
55.767934,37.582808
55.711828,37.939412
55.785989,37.607278
55.747115,37.539078
55.72961,37.570474
55.718248,37.477175
55.715601,37.526268
55.763224,37.605409
55.806687,37.542949
55.720378,37.688
55.747115,37.539078
55.645476,37.707215
55.761771,37.549184
55.762151,37.550091
55.761644,37.550567
55.741784,37.596633
55.821077,37.430462
55.663913,37.576178
55.805649,37.499318
55.785169,37.564033
55.524681,37.596121
55.821077,37.430462
55.728018,37.740031
55.651994,37.628271
55.755464,37.547342
55.774487,37.595447
55.723257,37.52766
55.566909,37.494359
55.645461,37.353557
55.747115,37.539078
55.714404,37.505517
55.723257,37.52766
55.761538,37.554214
55.716215,37.508535
55.633963,37.425468
55.675616,37.632134
55.743512,37.422099
55.653726,37.529834
55.80653,37.545995
55.72961,37.570474
55.749334,37.579178
55.775905,37.600531
55.741784,37.596633
55.736878,37.56936
55.739017,37.60381
55.718872,37.499893
55.706086,37.549705
55.757273,37.649732
55.599987,37.725343
55.600893,37.724077
55.673621,37.745466
55.670823,37.51688
55.759567,37.60319
55.716504,37.506316
55.819949,37.465892
55.768512,37.498591
55.751193,37.685934
55.664274,37.506684
55.665792,37.510718
55.762789,37.508984
55.698553,37.8449
55.831999,37.661096
55.757805,37.447548
55.747703,37.688297
55.835503,37.495725
55.776912,37.487389
55.784779,37.562703
55.79848,37.520671
55.72961,37.570474
55.807461,37.448465
55.704509,37.512838
55.786597,37.617563
55.714876,37.504636
55.741075,37.631236
55.781626,37.580894
55.766106,37.611473
55.719014,37.478801
55.716504,37.506316
55.747287,37.622774
55.679428,37.497773
55.681047,37.551088
55.760434,37.715767
55.80653,37.545995
55.755464,37.547342
55.855361,37.559388
55.780026,37.572028
55.861524,37.5425
55.776912,37.487389
55.682823,37.583122
55.744992,37.510152
55.877996,37.4796
55.683412,37.58385
55.710814,37.49868
55.748579,37.598555
55.806687,37.542949
55.715256,37.43932
55.664274,37.506684
55.695296,37.575648
55.7559,37.506675
55.736878,37.56936
55.832095,37.483957
55.759932,37.561275
55.723775,37.583095
55.727323,37.575783
55.648448,37.526798
55.690182,37.656712
55.74076,37.581047
55.724059,37.57236
55.879495,37.539877
55.855785,37.471704
55.726553,37.739249
55.705559,37.964897
55.759344,37.650334
55.757273,37.649732
55.718248,37.477175
55.749633,37.577561
55.778861,37.608643
55.718709,37.424902
55.767266,37.627364
55.733295,37.620941
55.768025,37.623483
55.769135,37.494521
55.784977,37.56194
55.747115,37.539078
55.78975,37.456468
55.683412,37.58385
55.719683,37.578343
55.655214,37.47315
55.758569,37.449686
55.739017,37.60381
55.758954,37.448761
55.749511,37.537083
55.736995,37.690489
55.713065,37.501007
55.751974,37.578855
55.733964,37.620905
55.751351,37.587191
55.723861,37.610053
55.757526,37.590632
55.760023,37.590776
55.806687,37.542949
55.749511,37.537083
55.636839,37.333238
55.773125,37.8237
55.740943,37.600603
55.729524,37.575621
55.664274,37.506684
55.738368,37.597001
55.760109,37.591952
55.763493,37.599319
55.72746,37.479977
55.740902,37.578154
55.764014,37.64913
55.737314,37.600891
55.71515,37.480022
55.82797,37.470168
55.781838,37.469925
55.71946,37.694405
55.854825,37.497018
55.769135,37.494521
55.763493,37.599319
55.803358,37.505984
55.736458,37.599678
55.749633,37.577561
55.743684,37.548851
55.742164,37.588341
55.715322,37.481496
55.738252,37.61344
55.757805,37.447548
55.736878,37.56936
55.749334,37.579178
55.74226,37.634335
55.723861,37.610053
55.723861,37.610053
55.761112,37.635961
55.736518,37.61715
55.809014,37.540147
55.672757,37.494126
55.858963,37.37297
55.638069,37.332735
55.694449,37.470581
55.856129,37.556595
55.702805,37.946643
55.877152,37.628119
55.763457,37.771337
55.637073,37.329869
55.751143,37.533733
55.636646,37.331216
55.715525,37.477103
55.778861,37.608643
55.784719,37.496677
55.536751,37.507987
55.645314,37.657485
55.69832,37.962579
55.704981,37.501618
55.798586,37.802949
55.557765,37.555023
54.709304,39.546669
55.717518,37.659748
55.857862,37.644899
55.715642,37.660763
55.710692,37.607448
55.794062,37.484649
55.806687,37.542949
55.674575,37.760225
55.633963,37.425468
55.717006,37.428791
55.664274,37.506684
55.702805,37.946643
55.762789,37.508984
55.763194,37.423716
55.848892,37.650325
55.613107,37.742977
55.751193,37.685934
55.80653,37.545995
55.930398,37.957136
55.808478,37.758797
55.693622,37.469189
55.551385,37.555589
55.715256,37.43932
55.76132,37.512505
55.751979,37.697846
55.699903,37.500764
55.717006,37.428791
55.727653,37.339939
55.749511,37.537083
55.760991,37.513628
55.604605,37.658751
55.770603,37.568345
55.80653,37.545995
55.733097,37.670357
55.661328,37.509343
55.688132,37.718705
55.80826,37.448276
55.861545,37.671274
55.72746,37.479977
55.802998,37.591503
55.869763,37.660377
54.709304,39.546669
55.633963,37.425468
55.826417,37.437307
55.71515,37.480022
55.778861,37.608643
55.861524,37.5425
55.734973,37.571013
55.664274,37.506684
55.769535,37.498366
55.845911,37.482151
55.698665,37.649265
55.683407,37.555355
55.633963,37.425468
55.70073,37.631586
55.557765,37.555023
55.557948,37.557268
55.755814,37.617635
55.888998,37.558436
55.774867,37.601609
55.80653,37.545995
55.756786,37.418362
55.703185,37.491548
55.655214,37.47315
55.748858,37.683033
55.717006,37.428791
55.704844,37.490299
55.738449,37.581236
56.015601,38.080025
55.044072,37.798268
55.704823,37.497495
56.250462,38.116515
55.830387,37.470779
56.015601,38.080025
55.69346,37.630598
55.79728,37.541027
55.810364,37.702535
55.733097,37.670357
55.582747,37.578343
55.755464,37.547342
55.847705,37.370581
55.835503,37.495725
55.670133,37.475773
55.866723,37.553927
55.837181,37.497315
55.722355,37.891702
55.804046,37.590659
55.778699,37.512371
55.663913,37.576178
55.798191,37.377354
55.849024,37.576591
55.72887,37.739555
55.672575,37.466772
55.604748,37.664024
55.747115,37.539078
55.736458,37.599678
55.909534,37.388502
55.750829,37.522836
55.699005,37.638557
55.806687,37.542949
55.762789,37.508984
55.717006,37.428791
55.834568,37.659622
55.751143,37.533733
55.702318,37.928174
55.741738,37.416691
55.835008,37.658338
55.711138,37.653972
55.702054,37.93466
55.716793,37.769684
55.707958,37.959732
55.673621,37.745466
55.757318,37.50787
55.583627,37.581828
55.78975,37.456468
55.645476,37.707215
55.537964,37.515919
55.717883,37.426573
55.533379,37.615021
55.667533,37.756551
55.871657,37.499722
55.672757,37.494126
55.964977,37.193244
55.992699,37.223176
55.863171,37.534712
55.646223,37.705832
55.641275,37.527094
55.733295,37.620941
55.767149,37.568066
55.736676,37.641162
55.663827,37.550244
55.863171,37.534712
55.716793,37.769684
55.751143,37.533733
55.746203,37.636437
55.761558,37.549067
55.781539,37.572082
55.776294,37.672163
55.736676,37.641162
55.747789,37.628038
55.664497,37.451645
54.709304,39.546669
55.730948,37.64401
55.781626,37.580894
55.641524,37.590021
55.763194,37.423716
55.779155,37.600594
55.696128,37.469773
55.817405,37.573034
55.785387,37.562137
55.782957,37.561724
55.73553,37.826296
55.710961,37.609227
55.882409,37.681748
55.701836,37.93616
55.728236,37.579619
55.749511,37.537083
55.78975,37.456468
55.749511,37.537083
55.775459,37.673519
55.681047,37.551088
55.785169,37.564033
55.749978,37.544081
55.730948,37.64401
55.749511,37.537083
55.714414,37.657907
55.77517,37.674022
55.781539,37.572082
55.723121,37.432403
55.633963,37.425468
55.793854,37.545887
55.785169,37.564033
55.730948,37.64401
55.817405,37.573034
55.598858,37.725271
55.468433,37.542608
55.716793,37.769684
55.725478,37.743345
55.751193,37.685934
55.664497,37.451645
55.633963,37.425468
55.681047,37.551088
55.971471,37.51008
55.672905,37.524318
55.670844,37.775433
55.734973,37.571013
55.762789,37.508984
55.633963,37.425468
55.848756,37.417006
55.70073,37.631586
55.791177,37.520411
55.697351,37.845044
55.82002,37.462954
55.698665,37.649265
55.637393,37.600388
55.848892,37.650325
55.64285,37.703649
55.64285,37.703649
55.820698,37.589904
55.633963,37.425468
55.666142,37.511356
55.798586,37.802949
55.769135,37.494521
55.781818,37.506639
55.664497,37.451645
55.781818,37.506639
55.673549,37.567743
55.774811,37.471542
55.724723,37.743067
55.707978,37.930429
55.732595,37.677867
55.732114,37.427417
55.776664,37.588817
55.564954,37.608185
55.831099,37.330192
55.738155,37.693525
55.626594,37.343919
55.7363,37.687794
55.863545,37.478459
55.542268,37.584874
55.66342,37.517859
55.748914,37.557304
55.553707,37.313169
55.770714,37.584245
55.630441,37.515281
55.807982,37.450845
55.7363,37.687794
55.575073,37.674346
55.809934,37.727885
55.767276,37.565461
55.821077,37.430462
55.821077,37.430462
55.709414,37.624058
55.707522,37.655912
55.58582,37.729458
55.664284,37.517464
55.779079,37.456388
55.69834,37.498025
55.635371,37.671849
55.645918,37.40168
55.645476,37.707215
55.551385,37.555589
55.773636,37.82599
55.785169,37.564033
55.82002,37.462954
55.774745,37.548609
55.920487,37.54135
55.785959,37.561859
55.860746,37.372431
55.72347,37.433184
55.753225,37.706973
55.791243,37.559379
55.72347,37.433184
55.774548,37.641566
55.785169,37.564033
55.847861,37.650055
